"","Location","zCode","Area","Length_mean","Length_max","Length_var","Slope_mean","Slope_max","Slope_var","Asp_mean","FARL","QMED","Latitude","Longitude","Altitude","Channel_slope","Total_channel_length","Channel_density","Channel_aspect_mean","Channel_aspect_var","Cult_mean","Cult_std","CultRF_mean","CultRF_std","Urban_mean","Urban_std","Forest_mean","Forest_std","NVG_mean","NVG_std","SQ4_mean","SQ4_mode","Annual_rain_mean","PET_mean","Start_year","End_year","District","Basin","Indept_river","Local_river"
"1","A.K. Bridge",1,2143.51000976562,62.3420652166,136.537484375,1199.12004793562,28.7456613644,692.882766724,1533.6492656545,0.441257557771505,0.936486135694439,17,14.7925,76.72611111,672.136791008,3.82498204362518,361.204211106635,0.168510624844775,24.112227714,0.433697827564,0.603609771729,0.0102460486631933,0.561215228271,0.0222185941997599,0.0533843589783,0.000252966731844564,0.171082903957,0.01363794487913,0.0189483997345,0.000621053866344974,1.48,1,1004.32697197426,950.470803215289,1979,2002,"Chitradurga","Krishna","Krishna","Chikkahagari"
"2","Ambabal",3,1923.81005859375,73.1463721779,130.226507813,1230.78105220089,25.4780412224,295.244884491,262.277655054506,-2.10333662497611,0.996843968686178,551.448,19.28833333,81.78972222,619.906781533,2.44907094838681,305.22182216349,0.15865486345705,240.530078206,0.492962130894,0.390715648578,0.029838735377554,0.390715648578,0.029838735377554,0.0336931146796,0.000338063147480177,0.489164894544,0.0489394345515127,0.00479226900981,0.000487621450672953,1,1,1549.86490133107,955.274281932463,1989,2015,"Bastar","Godavari","Godavari","Indravathi"
"3","Ashti",5,51579.30078125,338.596123212,642.3859375,22849.7976253555,33.3744344571,856.334915161,2132.66448146561,-0.976164768716835,0.996995673185983,15137.351,19.68444444,79.78611111,399.581447809,4.14679357960384,9059.81967500574,0.175648361605924,291.116863644,0.76863102044,0.470051661732,0.0790122624475924,0.335854857013,0.0481139831543592,0.0505593908659,0.0041438252427475,0.393519734873,0.101097752880532,0.000957345791695,6.99482806173978e-05,1.56074766355,1,1441.26845718871,1093.17222074429,1965,2016,"Gadchiroli","Godavari","Godavari","Wainganga"
"4","Babli",6,55251,416.21854029,744.501875,31458.1313525771,30.0129592796,1093.38935852,2518.93287751289,-0.143208540388968,0.973082512824266,3220.85,18.85305556,77.81444444,535.880724,3.83279912649244,9754.79141356293,0.176554115103128,341.731806075,0.62403193285,0.688651867078,0.0181108942940185,0.543635303025,0.0474324135600231,0.0686978635265,0.00537128468510474,0.0829328803715,0.0101188105941644,0.00956529230181,0.000692342253920126,2.0520984081,3,1043.9634606029,1052.1880693959,1965,1978,"Nanded","Godavari","Godavari","Godavari"
"5","Bamini (Balharsha)",8,46266.6373980045,278.98055752,714.0761875,22659.7453461366,28.4843175665,828.893661499,1454.25948490359,0.109253314437448,0.96656537973853,8675.3975,19.81305556,79.38111111,360.414322657,3.7586357270669,7961.43661820841,0.172077269193369,329.82412152,0.657756329594,0.605623060374,0.0248676027679321,0.556271929555,0.0302062046258993,0.0573774627676,0.00344063057306494,0.164732529071,0.0293389526485288,0.00021471453373,4.53988029716905e-06,1.75259515571,1,NA,NA,1965,2016,"Chandrapur","Godavari","Godavari","Wardha"
"6","Betmogra",11,2199.13989257812,75.4190276737,139.970609375,1512.21469845598,31.6553347342,221.831111908,566.838009408476,0.897104431421204,0.921938045463813,273.648,18.70694444,77.54472222,486.696489595,4.41851368247778,385.566888407358,0.175326221723596,33.0212380586,0.363041315748,0.634520158439,0.0168232533191258,0.574225582912,0.0194957079511934,0.0812591024925,0.00122688924058413,0.123822729423,0.0116193612091339,0,0,1.24137931034,1,1076.92760346841,1049.11850267017,1997,2014,"Nanded","Godavari","Godavari","Manar"
"7","Bhadrachalam",12,278027.137398005,671.210698958,1301.367625,76527.5894553729,35.3627382196,1205.02067566,2832.62442763123,-0.0180840762940267,0.997552437824466,28082.006,17.67555556,80.88305556,429.147936822,4.1250043688021,47853.5000346516,0.172118090638569,330.840651616,0.787337673599,0.513813634743,0.0636999881061988,0.410771898453,0.0577943909570892,0.0545330776464,0.00396051026457454,0.301887273015,0.0942131859130982,0.00483948432801,0.000653763098177276,1.69962307915,1,NA,NA,2007,2015,"Khammam","Godavari","Godavari","Godavari"
"8","Bishnur",15,4942.93994140625,80.99239866,169.578953125,1103.34689090804,37.945776996,840.584869385,2541.82473245091,-1.49492431480874,0.930820559852905,673.35,21.10555556,78.13138889,464.865848807,5.47384579072061,894.515765017371,0.18096836611834,238.245980668,0.781709582419,0.489688128153,0.0264873333979714,0.412453139941,0.0327638720196257,0.048581732134,0.000590394113798995,0.320877590934,0.0376695641176993,0.000298349936803,5.25174840262525e-06,1.33333333333,1,1041.26827969094,1044.13952947602,1987,2005,"Wardha","Godavari","Godavari","Wardha"
"9","Byaladahalli",16,2518.93994140625,56.9009949233,109.21834375,711.519680432641,29.2861488146,623.456115723,1681.8877636783,2.26164733735786,0.945616085191368,154.5,14.45027778,75.77583333,657.490207153,4.02309145616767,446.419797122252,0.177225264399527,133.357350285,0.392909036882,0.637119687296,0.0461213038726389,0.386302929232,0.0589460101082362,0.0591260319371,0.00119996541033709,0.186263794341,0.0436711080395886,0.00218441993959,4.01192982922495e-05,1.03225806452,1,936.057223463769,968.778987908811,1985,2013,"Davanagere","Krishna","Krishna","Haridra"
"10","Cherribeda",18,1025.16003417969,39.7419792359,82.4214921875,369.34211303631,40.3911415679,412.592887878,1925.89162164431,-1.89776206260239,0.998702235599827,433.984,19.64194444,81.49277778,645.310161641,2.28121478570565,153.72960078742,0.149956685455877,280.912387001,0.285441845115,0.274307650157,0.0186454159760699,0.253836075919,0.0140080689965216,0.0195439279931,2.9471893242687e-05,0.665958024434,0.0237501060202645,0,0,1,1,NA,NA,1996,2014,"Bastar","Godavari","Godavari","Bardha"
"11","Chindnar",19,18109.599609375,165.543547101,308.04665625,5423.35007733756,56.9484207837,746.320648193,5595.35511857067,-1.91395221858631,0.993353840946671,4621.2,19.08055556,81.3,639.601767402,4.56557229673182,3051.41903879507,0.168497322117238,222.912096122,0.667558016695,0.400057387236,0.0507998921666485,0.368279011112,0.0499268705949868,0.0408922198683,0.00122183684629281,0.454201213186,0.0844561031261425,0.023176044172,0.00605037716750757,1.01351351351,1,1694.953648218,970.09435428695,1971,2015,"Dantewada","Godavari","Godavari","Indravathi"
"12","Cholachguda",20,9858.98046875,94.4136909595,219.514078125,2205.04082063796,22.3251445292,507.857208252,994.863762159612,1.05287472449562,0.977555030734757,642.85,15.87,75.725,636.37526548,2.83309613369161,1612.84333202131,0.163591289904016,41.8811293187,0.673797980233,0.616462595082,0.0503808186647406,0.398189946583,0.0554849932728819,0.0718543445711,0.00230563363202608,0.188512279644,0.0414374338447187,0.0164328110168,0.00156590921861059,1.33613445378,1,975.559694672231,968.870759466437,1982,2014,"Bijapur","Krishna","Krishna","Malaprabha"
"13","Daddi",21,1013.40997314453,30.3575475193,62.04565625,205.4948700081,66.3441787024,470.050506592,2514.73462205301,1.00028135700417,0.992321229629829,1063.05,16.05944444,74.42916667,760.968092952,2.1312492370896,149.091059226983,0.147118208008517,38.4540089994,0.235434021781,0.261423748221,0.0123176803823493,0.25486738784,0.0116156174875964,0.0541186430625,0.000482853132066151,0.607206471307,0.0248445558451978,0,0,1.5,1,1908.9398601105,867.324701524203,1978,2007,"Belgaum","Krishna","Krishna","Ghatprabha"
"14","Damarapadu",22,219556,670.732267227,1242.171875,63996.5320673997,36.5723565456,1451.79031372,3730.52091339136,0.100884042564974,0.946645954184768,13039.7,16.58,79.41694444,569.803415906,4.18577354713763,37071.3249407713,0.168846785971558,359.803764446,0.782884340691,0.601168239255,0.0388096972948761,0.459995786124,0.0523511010366543,0.0571355760084,0.00343812992841744,0.16020790019,0.0407382380164857,0.0555434782247,0.0130113627868737,1.71030122722,1,1128.79686451386,999.4460587848,1965,1975,"Guntur","Krishna","Krishna","Krishna"
"15","Degloor",24,1893.55004882812,56.1871577217,110.072710938,719.826038746328,34.2124326943,267.293624878,703.282539101182,0.570554806642691,0.960782311267165,399.7175,18.55833333,77.58027778,498.427453942,4.7224133180037,324.566163863302,0.171406171209559,18.1285640828,0.377861588595,0.649820642471,0.0134206929907863,0.619363501867,0.0182800679578983,0.0753202496966,0.000732343526214823,0.109717330833,0.00614376239543344,0,0,1.29166666667,1,1059.3687597263,1050.37488200088,1984,2014,"Nanded","Godavari","Godavari","Lendi"
"16","Dhalegaon",25,30630.80078125,250.811673819,463.0735625,12715.6866052002,34.5335810125,1107.93907166,3713.86208207077,-0.00299104385204794,0.968157417765596,2083.2075,19.22527778,76.36333333,573.366469818,4.30429054832317,5540.04970533945,0.180865323923581,352.971809701,0.633704259518,0.683912824847,0.0219484909723167,0.49234735339,0.061551478077297,0.069100079962,0.00638691971462456,0.0909270521105,0.0128275503713715,0.0140689355995,0.00104153148282019,2,1,962.51526274481,1054.3628445614,1965,2014,"Parbhani","Godavari","Godavari","Godavari"
"17","Dowlaiswaram",27,309384.137398005,780.010381326,1468.462125,100502.485818187,42.2085800066,1251.93725586,4411.05316945708,-0.0771520091503484,0.997636403649928,NA,16.95444444,81.76138889,429.630058842,4.52678690875616,53194.0753708014,0.171935367527813,326.138369101,0.811683969269,0.484391713671,0.068822322042058,0.384138513574,0.0608045840517867,0.052243758135,0.00396013827326131,0.338197080473,0.103823916920572,0.00464523193912,0.000612354742150974,1.64442700157,1,NA,NA,1978,2014,"East Godavari","Godavari","Godavari","Godavari"
"18","Dummugudem",28,277447.137398005,650.253456485,1279.030625,75769.0008575903,35.3538248553,1205.02067566,2831.1011366998,-0.0164594586669592,0.997548114977458,NA,17.84472222,80.87611111,429.83665129,4.12298475229676,47754.2522299834,0.172120183606287,331.0157034,0.787658082901,0.514177406162,0.0637427642145171,0.411235311213,0.0577926354424618,0.0545595352571,0.00396460808316628,0.301554964527,0.0942476052341643,0.00485073567199,0.000655228458338913,1.69776227841,1,NA,NA,1978,2014,"Khammam","Godavari","Godavari","Godavari"
"19","G.R. Bridge",29,33351,317.281876205,551.2166875,17527.3950161887,33.9785803684,1045.15960693,3509.30274628724,0.187660075655733,0.970091432146709,1301,19.02055556,76.72638889,564.713491664,4.31549823870545,6058.66721480224,0.181663734664695,357.495180494,0.640700212499,0.679640361468,0.0216050286285066,0.488642363571,0.0594643251834222,0.0691074023545,0.00646328789028843,0.0942785742934,0.0129226778494907,0.0132676571664,0.000981082708619541,2.00952380952,3,958.783401056524,1056.61799174371,1976,2014,"Parbhani","Godavari","Godavari","Godavari"
"20","Gandlapet",30,1318.60998535156,36.1817702069,72.0984765625,264.713979040516,28.3648654659,421.183319092,1193.69257808982,1.39849877715628,0.962244284895549,136.87,18.82083333,78.43694444,430.807119492,4.37967687125592,217.09411412823,0.164638609247562,71.5573570196,0.332837111468,0.620348795573,0.028250546536539,0.390769309998,0.0122903780820391,0.0516412665049,0.000310668902537845,0.239146597783,0.0354343736392123,0.000648733139038,5.89196559962197e-06,2.73333333333,3,1156.77113699397,1060.25787724659,1986,2015,"Nizamabad","Godavari","Godavari","Peddavugu"
"21","Ghargaon",31,599.091979980469,38.918104295,87.1395703125,588.409297411738,134.87391368,983.981628418,14842.4250298496,-0.496624366299882,0.997700354227942,602.5095,19.31833333,74.17666667,803.2575926,5.93186484747221,80.818213723829,0.134901177823251,311.482259515,0.214109920102,0.596397981644,0.0506833020510143,0.596397981644,0.0506833020510143,0.0284870000184,0.00015900594367096,0.222393595874,0.040778988517575,0.0024467498064,1.79612749783069e-05,1,1,NA,NA,1989,2006,"Ahmednagar","Godavari","Godavari","Mula"
"22","Gokak Falls",33,2810.169921875,73.2499776546,142.1886875,874.555161383017,54.3951318001,492.200546265,2245.45815871885,-0.393063742195338,0.950632776181465,1122.53,16.19027778,74.79138889,720.018069114,3.02410491002835,435.084603982765,0.154825016308077,16.2495953152,0.50068227445,0.371833930156,0.0281748197216427,0.323704561766,0.0266274499624953,0.0654259112302,0.000903328011427091,0.435771922855,0.0536633862672095,0.0017179999632,9.74002878272737e-05,1.47058823529,1,2655.80123057674,888.393994834294,1971,2014,"Belgaum","Krishna","Krishna","Ghatprabha"
"23","Gotur",34,972.995971679688,40.5171604868,96.4402578125,616.801816767749,53.9573607468,372.851791382,2290.77661623144,-1.54034433980049,1,684.25,16.22222222,74.50277778,709.771691951,2.64043660454396,149.11710482955,0.153255624041411,336.944325086,0.60287393887,0.33229699816,0.0139965864921014,0.326123903819,0.013738788479383,0.0651274992738,0.00165083076583938,0.4997566482,0.0412096752526282,0,0,1.64285714286,2,3402.66260104298,909.463288144385,1979,2007,"Belgaum","Krishna","Krishna","Hiranyakeshi"
"24","Hivra",37,10202.2998046875,120.509604678,264.80934375,3923.90357372144,27.9524398007,811.377334595,1530.40632804059,-0.716721254436263,0.959443720058088,2415.396,20.54777778,78.32361111,390.165285013,4.21937519392858,1859.47706873552,0.182260578921742,324.534542041,0.798181625299,0.547251227999,0.0257172519892714,0.46038309173,0.0341715854734037,0.0497790703036,0.000621439943201826,0.265354232353,0.0316128872332988,0,0,1.76984126984,2,1131.24410372442,1066.24719103349,1987,2015,"Wardha","Godavari","Godavari","Wardha"
"25","Hoovinahole",40,3522.51000976562,65.6815890348,117.68128125,562.746153884844,33.5903539968,628.714027405,1833.25807198837,1.89502248395469,0.952442500569803,13.37,13.98638889,76.74972222,732.739695381,4.14082025096093,597.128868474785,0.169518004723716,100.184497141,0.41240769974,0.617786684945,0.0205229493206809,0.57418600037,0.0203400867879195,0.0534253803605,0.000840596261312321,0.175967843816,0.022793824368768,0.00511561915988,0.000123708074942189,1,1,1090.16079457996,953.052989588563,1998,2011,"Chitradurga","Krishna","Krishna","Swarnamukhi"
"26","Jagdalpur",43,7377.43017578125,106.985678634,182.5266875,1952.21716380623,73.450108893,745.719833374,8438.43793030343,-2.65476916318683,0.976822486458227,1695.797,19.1075,82.02305556,690.255545473,5.36931074398351,1300.46604855137,0.176276293718179,188.924386425,0.542977628125,0.446441826087,0.0460637338209669,0.378146904982,0.046874014616312,0.0560364605961,0.00121944857795593,0.368220250882,0.072527831623999,0.0311956804401,0.007720886054821,1.03296703297,1,1700.12735045126,976.907341180739,1964,2015,"Bastar","Godavari","Godavari","Indravathi"
"27","Kiwaibalenga",52,1533.31005859375,54.4460050606,95.959859375,553.434757753207,25.9360516448,385.126419067,703.606690839365,-1.00406441354218,0.997158799909283,6.04,19.64138889,81.55361111,632.188758534,2.17862950585392,231.265967174217,0.15082792020964,252.510234526,0.518115690301,0.456259071177,0.0371473983734311,0.451125244444,0.037966606867369,0.0328614539992,0.000224321166192889,0.42622784788,0.0560381558208514,0,0,1,1,1566.37047562466,958.747871994804,2000,2015,"Bastar","Godavari","Godavari","Bawardhi"
"28","Kopergaon",56,7012.56982421875,85.0985334802,170.694546875,1463.4616490941,37.1268418866,1058.70933533,4807.96811872906,-0.671935848871485,0.978566281011558,NA,19.87694444,74.48111111,626.375593588,4.60587731087412,1275.57447786187,0.181898292614003,343.757342395,0.558083970428,0.607081657898,0.0200788675450907,0.37459838468,0.0668882930698628,0.0914889456366,0.0110683073623767,0.155759376897,0.0167080260720372,0.0149341894305,0.00112812638802962,1.82558139535,1,1004.75783281496,1038.2994949357,1990,2014,"Ahmednagar","Godavari","Godavari","Godavari"
"29","Koyna at Koynanagar",59,869.575012207031,42.1162608129,88.1306640625,481.995213342846,206.989580858,879.223251343,20956.0133926235,-2.70728791139408,0.684950756420578,749.75,17.38111111,73.73555556,821.718615713,4.34912409542469,124.75845750513,0.143470610072483,285.702552908,0.346802305823,0.223336614609,0.0113022126655057,0.197416386604,0.00756151924602278,0.0231676997542,0.00019200167855902,0.525290521622,0.0546690465061776,0,0,1,1,2581.26215981562,965.161353096129,1972,2007,"Satara","Krishna","Krishna","Koyna"
"30","Kunavaram",61,283146.137398005,715.165772243,1357.44925,82297.5853911031,35.6879476447,1265.31005859,2900.65675933701,-0.0118742187350268,0.99758765328077,NA,17.57138889,81.2525,424.541620983,4.13814709138626,48709.640916788,0.172030038496761,331.572077826,0.785433550987,0.509781513895,0.0635645158690283,0.407121424208,0.0577489898882249,0.0543522285113,0.00401174611125866,0.306408417465,0.0943227738138778,0.00450847844906,0.000611871486660139,1.69594980034,1,NA,NA,1981,2014,"Khammam","Godavari","Godavari","Godavari"
"31","Kuppelur",62,2022.67004394531,58.2820182723,121.986484375,796.745111163944,42.1726883243,494.18674469,2186.00489779438,0.794830723546467,0.975825422008892,211.3,14.49555556,75.6325,644.506584854,3.62324099194322,320.298134532414,0.158354119838378,50.6998034917,0.615423355482,0.476566982269,0.0441002156349836,0.332524164009,0.031566288527483,0.0580560795069,0.000838407570913118,0.36194529953,0.0565535571048742,0.00077924041748,1.45731750776358e-05,1.04,1,1957.1336359701,853.690905596537,1990,2013,"Haveri","Krishna","Krishna","Kumundavathi"
"32","Lakshmipuram",64,3293.2099609375,66.6793212831,135.90871875,1069.2659493114,22.7582437127,460.615005493,1123.13867279415,1.15168103240612,0.983452632836619,153.15,15.75361111,78.00111111,420.684297044,3.22865070839779,556.365245701955,0.168943144318551,55.1183630272,0.430086912556,0.555149562939,0.0214449051029347,0.502895834639,0.0334259620247372,0.0620935668816,0.00040426731489591,0.0567670739986,0.00638074775945325,0.210519051294,0.0291841280705834,2.54054054054,3,1328.76067553281,1003.60554711395,1984,2005,"Kurnool","Krishna","Krishna","Hundri"
"33","Lasur",65,1211.72998046875,40.7144135357,80.963625,326.319059350454,34.4690016005,734.104003906,3626.63119662072,-2.284921866031,0.983962827617196,NA,19.93527778,74.985,621.195697021,4.11069213830329,226.924650731686,0.187273282323098,239.449650152,0.330894805925,0.669592030048,0.0141040598173684,0.574707052708,0.0203248512329345,0.0499130618572,0.000632091364689984,0.0981271989644,0.0108439416835849,0,0,1.5625,1,1375.06944639913,1051.54565277105,1978,2014,"Ahmednagar","Godavari","Godavari","Shiv"
"34","Madhira",66,1670.47998046875,44.7582755796,88.866046875,384.79902925632,31.0847277339,647.21824646,4453.39456907544,-1.46834572108007,0.973690183538476,351.2,16.92138889,80.35555556,124.306169904,2.46565298285582,281.658707831714,0.168609448257308,270.927624722,0.373811910869,0.508470689229,0.0423891578191324,0.35988960039,0.0475533059632406,0.0402265225138,0.000198892184707329,0.355146879412,0.0373015165119536,0,0,1.85714285714,1,1489.62153609082,1130.45525248037,1984,2015,"Khammam","Krishna","Krishna","Wyra"
"35","Mancherial",68,101251,559.165623941,990.663625,61855.3297347707,27.9211712794,1077.33932495,1887.56714706807,0.18559596205963,0.994365395971211,5708.6675,18.83333333,79.44833333,514.310917628,3.78881849272736,17483.3965170636,0.172673815735781,354.363216388,0.6658912576,0.645030993811,0.0248679303212999,0.505777015265,0.0450056707958935,0.0685578018143,0.00409479386536783,0.126535274105,0.0236014687622679,0.00703776410729,0.000482950218042419,1.97282174261,1,1089.20753140781,1046.36352162859,1965,2015,"Adilabad","Godavari","Godavari","Godavari"
"36","Mangrul",69,2159.8701171875,72.1398323154,159.747359375,2017.15044313929,24.2880119775,202.614154816,438.823268941378,0.761249875482987,0.938549719813832,302.8005,20.18916667,77.98583333,392.785487338,2.82304245070805,341.909635745349,0.158301016817887,2.77066671431,0.653938342302,0.726452606464,0.00743530380796587,0.704342180449,0.00966953384718721,0.0491327233972,0.000251770302081113,0.0602286172324,0.00143850843557062,0,0,1.65517241379,2,1256.37592031161,1062.67749715202,1992,2015,"Yavathmal","Godavari","Godavari","Aran"
"37","Manjlegaon",70,3876.56005859375,81.146812066,150.2700625,1210.8180017094,43.9739885061,393.105354309,2528.17633185747,1.02671153447894,0.90159805498018,656.75,19.16861111,76.24527778,566.931768804,4.9710171087426,710.067563012545,0.183169498803051,43.6958765699,0.355669137396,0.708384204102,0.0146501552024947,0.60070926857,0.0324226508284133,0.0449265621901,0.00168628244775447,0.0452084044456,0.000939319334987656,0.0203865785122,0.00163427430746397,1.52,1,1060.42832641747,1025.55651098335,1965,1996,"Beed","Godavari","Godavari","Sindhphana"
"38","Mantralayam",71,64540.19921875,307.806743033,628.37425,20192.1011243794,35.7094930262,1037.34390259,3219.52005493049,0.916446218598171,0.975510370647177,3464.15,15.94833333,77.43027778,605.617639444,4.04662348583587,11136.4499482081,0.172550597658719,58.7795559835,0.708494246734,0.5742798431,0.0474533035349931,0.432692775296,0.0491188380189824,0.0570195391755,0.0017055087773576,0.211397109616,0.0527203474953517,0.0368501272705,0.00779819844351292,1.56106870229,1,1215.19160501963,958.857470418935,1972,2015,"Kurnool","Krishna","Krishna","Tungabhadra"
"39","Marlegaon",72,7185.86737847328,134.322680344,298.43915625,5916.27492009147,23.113782703,236.484928131,467.528915576975,-0.0925667363617207,0.936008171652786,1415,19.54,77.67138889,511.171917169,3.08758144393191,1212.71761297416,0.168764263115557,333.660400728,0.452788396025,0.716406525425,0.0152588681384862,0.681249138065,0.018134570718632,0.0650114013838,0.00121203567945705,0.0642960094742,0.0070099863889072,0.00052502170853,1.69483634249537e-05,1.78260869565,2,NA,NA,1965,2005,"Yavathmal","Godavari","Godavari","Penganga"
"40","Marol",73,5128.68017578125,101.773071479,198.246109375,2496.83606909982,26.7164769914,473.965644836,513.084176412889,-3.05639367031141,0.992282647799371,726.05,14.93861111,75.6175,587.98825315,2.65310806318099,820.331142489065,0.159949755955313,63.38703772,0.71235751524,0.524727448055,0.0402580443502573,0.37819825899,0.0360603410068214,0.0674353295659,0.00106065244082663,0.326280173271,0.0375137427910858,0.00061774602012,2.36598290132492e-05,1.25396825397,1,1971.85572154242,904.821103205992,1965,2015,"Haveri","Krishna","Krishna","Varada"
"41","Mirdapalli",74,24199.599609375,221.767796819,409.002,10413.2093959361,61.6319875792,1032.92579651,6034.52211306177,-2.32167118268957,0.99501635397724,6770,19.3025,80.68944444,592.350302466,5.0210089494653,4061.53117021649,0.167834643373316,199.455382624,0.720884639684,0.331298462907,0.0557806234827264,0.307525755299,0.0521225347149407,0.0337204976345,0.00110619218300662,0.547899048791,0.0940843342696354,0.0170186816251,0.00459074767423101,1.01003344482,1,1880.13895464707,978.839254009997,1972,2015,"Gadchiroli","Godavari","Godavari","Indravathi"
"42","Morvakonda",75,206150,495.298325718,1031.6429375,48836.3479016632,35.4806816122,1495.92941284,3458.0562088238,0.252716152457299,0.973278414099837,10502.2,16.02722222,78.27138889,578.363052167,3.98463035745718,34794.39861606,0.168781948173951,3.02490423681,0.790150700302,0.605734853022,0.0383178579188161,0.459075397862,0.0529393048033154,0.0587065439402,0.00359194786196288,0.159088757476,0.0391990974598338,0.0500504843748,0.0117877311953999,1.73911322249,1,1131.11503251579,997.935508145824,1965,1981,"Kurnool","Krishna","Krishna","Krishna"
"43","Murthahandi",77,60.8431015014648,5.79816864509,13.7495419922,12.5714717850576,12.8286352645,70.3893756866,106.043439054946,2.79572461539143,1,601.496,19.04305556,82.28333333,554.366112174,2.18465995788574,5.49284277769,0.0902788096290219,256.765184876,0,0.552391242981,0,0.549811019897,0,0.0488009977341,0,0.238801937103,0,0.0760629940033,0,1,1,NA,NA,1979,2015,"Koraput","Godavari","Godavari","Journala"
"44","Nanded",78,51715,360.020563166,665.2301875,24532.015600947,30.3988514244,1047.90885925,2635.27514118544,-0.0711832696056072,0.97139099077407,NA,19.13916667,77.32888889,545.931878535,3.88985580390019,9159.61312738673,0.17711714449167,343.849335043,0.622864129893,0.692124558648,0.01845013190929,0.540373502672,0.0498812253838424,0.0669488430439,0.00536567260250798,0.0816017062441,0.00993050085767362,0.0101266449256,0.00072983999174885,2.01085271318,3,1033.52405409795,1050.7144860003,1977,2014,"Nanded","Godavari","Godavari","Godavari"
"45","Narasingpur",80,22228.599609375,202.133404315,361.94771875,8237.42021212924,58.7638777468,1449.29244995,8277.74392087933,-0.617842384266148,0.978337827232202,2998,17.97277778,75.13972222,634.227502538,4.74555067926586,3791.60001484603,0.170573049201305,332.099969334,0.56233871664,0.643686063465,0.0357403637222358,0.462715252375,0.0555724250541979,0.0633761021517,0.00965138512672951,0.112068626804,0.0220573299259885,0.0222441619503,0.00154112625329882,1.51470588235,1,1196.97833561367,1018.58213035123,1965,2014,"Sholapur","Krishna","Krishna","Bhima"
"46","Oollenur",83,32808.6015625,238.622684631,515.50684375,15908.2486429354,44.5714802489,1003.43017578,4220.96478815463,1.27385392052046,0.966666034152284,2797.65,15.49166667,76.71805556,624.636227788,4.50589481427463,5521.54032366751,0.168295509735428,69.3234137631,0.739603601274,0.500030175024,0.0575174494633919,0.35244345153,0.0480196533646612,0.0582261695947,0.00187190364657691,0.292622711015,0.0721530579677132,0.0284464793568,0.00508057488249719,1.4483627204,1,1489.96926540055,928.728626471104,1972,2015,"Koppal","Krishna","Krishna","Tungabhadra"
"47","P.G. (Penganga) Bridge",84,19588.1373980045,259.804229909,596.6419375,22458.4017296395,31.4480798572,506.90536499,1534.01013920109,0.391210129396894,0.959771700210775,4109,19.81583333,78.57472222,421.815591813,3.71278533248081,3249.74470057472,0.165903711748815,346.587382757,0.578943260212,0.685945758074,0.0137443534314466,0.646665536896,0.0158917843039673,0.0545943202551,0.000707844292547183,0.0891482519803,0.00902942297131962,0.000239135816755,6.85971126073545e-06,1.55144032922,1,NA,NA,1965,2015,"Yavathmal","Godavari","Godavari","Penganga"
"48","Pandegaon",87,628.632019042969,31.4014013781,66.3140078125,243.238313051062,29.5472958108,374.82925415,617.407656835489,-1.00251231946377,0.972324298569227,19.7,16.92944444,74.95638889,711.272108399,4.94079292118211,97.99964756644,0.155893503031607,293.353767144,0.473836781093,0.716331514631,0.00532531930567933,0.709546230861,0.00491087331762221,0.0442889993531,0.000295461741430846,0.0547620259012,0.000262347396357069,0.00422999858856,5.16174510918519e-05,1.28571428571,1,NA,NA,1979,2006,"Belgaum","Krishna","Krishna","Agrani"
"49","Pondugala",93,225694,688.651609219,1276.447,72508.562159843,36.2915857245,1588.83865356,3696.18465134098,0.0683154339965587,0.947830628820671,10325,16.68444444,79.65888889,561.096885591,4.19649510402387,38287.0452062468,0.169641395899965,359.322808251,0.773753226728,0.602526254436,0.0384120674472786,0.462160648637,0.0518988401384043,0.0570851448009,0.0033770593680131,0.159405300479,0.0400479879941704,0.0568346543984,0.0131711889908019,1.70445490764,1,1123.68974296741,1002.97937892271,1975,2007,"Guntur","Krishna","Krishna","Krishna"
"50","Purushothamagudem",96,2093.15991210938,64.5870519868,139.78659375,1216.58082019536,16.0691233154,759.168624878,726.333062424616,-0.395015414152027,0.991062027873618,124.86,17.41722222,79.95138889,265.511959692,2.85809982687777,372.03396916882,0.177737958297655,329.16055867,0.27240611196,0.677124080658,0.0115446943637808,0.401812096437,0.026547291360361,0.0474316653609,9.45360531103633e-05,0.117007570763,0.00853624171539052,0,0,1,1,1522.94002904282,1043.6197779736,1987,2006,"Warangal","Krishna","Krishna","Akeru"
"51","Salebardi",102,1768.25,44.0246520169,84.053265625,364.303959350567,30.4051135155,513.326148987,2346.68453680768,-2.43898057275873,0.976055907991824,867.95,20.91166667,79.92638889,289.404461763,2.54258674917733,316.15617512379,0.178796083768579,228.36896084,0.50167247795,0.438513221119,0.0732284391575177,0.312703936411,0.0335254774064351,0.0366165648595,0.000446977591589478,0.468752713411,0.0774534948503452,0,0,1.39130434783,1,1475.55817876234,1169.75126448313,1985,2014,"Bhandra","Godavari","Godavari","Chulband"
"52","Samdoli",103,1975.4599609375,75.848819959,144.735453125,1229.10996958642,82.1022178925,635.593986511,7658.95214629235,0.0750110272336555,0.974370061528387,1483.097,16.855,74.49666667,660.208598526,4.26008186290123,306.032243847714,0.154916955999695,345.353644943,0.447022581755,0.548249173898,0.0351990499751043,0.34846045164,0.047289735430722,0.0758622693442,0.0025014946111695,0.258718712422,0.0548456954628041,0.00213749995598,2.84114185542647e-05,1.38461538462,1,1558.50859241386,955.207061054506,1965,2015,"Sangli","Krishna","Krishna","Varna"
"53","Sangam",104,1607.84997558594,45.6084452827,94.1714609375,361.384270456248,51.9404300195,715.44128418,6954.02098004228,0.596020607868137,0.985880478611027,228.214,17.57888889,80.78027778,184.016934985,3.98550139489401,249.892521955122,0.155420297757604,38.442431089,0.534955941585,0.3617406601,0.0243557081300656,0.349195126238,0.0253995968366018,0.0664116200379,0.0115870578677005,0.414934548878,0.0534425538221282,0,0,1.14285714286,1,1715.11516534603,1133.9027787884,1996,2014,"Khammam","Godavari","Godavari","Mureru"
"54","Shimoga",108,2687.30004882812,74.2374485087,152.8235625,1620.45160078235,94.6577439963,920.659255981,6493.94834952591,1.18618585543505,0.964795112942924,2398.85,13.91888889,75.57694444,699.931100797,5.47801301477315,454.15729681587,0.16900133537895,52.5013578506,0.586358485466,0.180168968836,0.0249947643669315,0.131212259025,0.00909293251857787,0.0327852721467,0.000675676433607112,0.739525249944,0.030277319251747,0,0,1.51515151515,2,3548.17531249641,814.041047452492,1971,2013,"Shimoga","Krishna","Krishna","Tunga"
"55","Shirdhon",109,598.732971191406,30.7174486427,60.0793671875,203.294237453418,18.9108593912,141.924066544,149.709364070487,0.918407056008503,0.94885811073254,36.88,17.37277778,75.60138889,540.747450312,4.02968476269895,114.8934543415,0.191894316614761,44.5374852923,0.0689613239136,0.775080327988,0.000525667371901089,0.7340599823,0.00560728808725368,0.0215073741972,1.48398117979868e-05,0.00552708430216,1.52180603528484e-05,0.0343249988556,0.000524492594272802,1.625,2,NA,NA,1979,2014,"Bijapur","Krishna","Krishna","Doddanala"
"56","Sirpur",110,47338.7389605045,320.732107031,760.5444375,24013.6400669896,28.5893940038,813.559036255,1478.92148244893,0.112879016052815,0.967259334778998,8807.55,19.55194444,79.54583333,356.957576775,3.77920427774592,8124.25165881636,0.17161952002132,329.005854465,0.65656350566,0.600649919069,0.0263298394027616,0.550988145194,0.0313702713334951,0.0569676092772,0.00339099277871465,0.171231479097,0.0321852122230959,0.000210347458468,4.44846235193781e-06,1.77457627119,1,NA,NA,1965,2015,"Adilabad","Godavari","Godavari","Wardha"
"57","Srisailam",113,210160,582.642372014,1128.652375,52711.365274879,36.2149337721,1589.07546997,3654.2465989521,0.214425363739831,0.959463532432223,7762.5,16.08638889,78.89666667,575.186131583,4.04639895944492,35473.3257831114,0.168791995542022,1.85159752041,0.794159309987,0.602950052263,0.0390779580901652,0.458098493786,0.052930764307171,0.0581346816867,0.00355004114740303,0.161856471001,0.0407629496245204,0.0504161719553,0.0117863934190915,1.73688301593,1,1130.32100504173,998.449369388807,1971,2015,"Kurnool","Krishna","Krishna","Krishna"
"58","T. Ramapuram",114,23411,240.588858342,432.49534375,12351.1262483875,30.0015150344,973.931350708,2464.88783103708,1.10151870556119,0.969003248015707,794.5,15.65777778,76.96472222,643.283818719,3.78346844427327,4072.78422137995,0.173968827533209,67.4990421221,0.611033133509,0.653553443156,0.018003374832057,0.558699093805,0.0310688295537676,0.0540556899133,0.00160700840226243,0.137732535584,0.0149068277539444,0.0159565037237,0.00109273437409909,1.44014084507,1,963.048842660418,955.992068791277,1965,2015,"Bellary","Krishna","Krishna","Hagari"
"59","Yelli",128,53513.5,376.510887609,691.97025,27630.8850583025,30.1542137766,1073.7600708,2580.68075995751,-0.150631213254291,0.972299991861637,2917.003,19.04472222,77.45361111,540.968359558,3.85259158845241,9461.95925637187,0.176814434794433,341.377932359,0.625352163908,0.690254560316,0.0184108733161057,0.542346657436,0.0487539009421948,0.068341363366,0.00553991522550501,0.0836689427244,0.0103842031343354,0.00977797301943,0.00070812007497015,2.03143712575,3,1042.4904673795,1051.69730854696,1976,2014,"Nanded","Godavari","Godavari","Godavari"
"60","Takli",115,33381.19921875,296.034501053,541.335875,20966.576243206,46.6549474665,1437.47085571,6061.51368258044,0.0562427718469343,0.982761450319651,3284.7,17.41416667,75.845,608.72160483,4.53624688383146,5755.55031572625,0.172418919943817,347.568488356,0.586218758918,0.669842598003,0.0296947976055755,0.511770744748,0.0512452685317297,0.0545896108864,0.00695783942825472,0.09321656377,0.0193962897225151,0.0234975985581,0.00164443211799355,1.66105769231,1,1091.15033824776,1023.76697998036,1965,2016,"Sholapur","Krishna","Krishna","Bhima"
"61","Yaparla",127,134654,517.830501208,1001.16325,51464.1530866155,36.3099524999,1434.24041748,3702.53034910945,-0.572096313871517,0.969410877814707,10010,16.03916667,78.04611111,576.162302634,4.00090939906332,22462.4351598524,0.166815951697331,332.481123773,0.741967372831,0.624606434577,0.033166315049481,0.474812373591,0.054395083053256,0.0591146768348,0.00453680384126055,0.135838901872,0.0307498148051069,0.0497523315254,0.0119100639102891,1.78126888218,1,1101.57860606731,1011.49442281252,1971,1981,"Mahbubnagar","Krishna","Krishna","Krishna"
"62","Yadgir",126,69567.3984375,434.700802549,840.0236875,46041.9522141143,34.274776591,1532.72277832,3351.79335854935,-0.614395233444791,0.987260976318937,3691,16.73722222,77.12222222,562.248774356,4.10438417116467,11828.3130561683,0.170026669414625,318.098450129,0.722174034691,0.655862618341,0.0257744913094693,0.523797925345,0.0455215988404393,0.0521894724978,0.00479786783357001,0.11396629845,0.0237331746601983,0.0277603282568,0.00247292246702862,1.77517564403,2,1042.04598305011,1028.42943463363,1965,2015,"Gulbarga","Krishna","Krishna","Bhima"
"63","Wadenapalli",123,242770,728.819817186,1357.65825,90000.1532580653,35.0854112349,1471.02081299,3505.0444409076,-0.0227346282110957,0.950227564455079,11140.19,16.78555556,80.13138889,544.962835629,4.17372757290273,41218.6759179264,0.16978488247282,356.855259467,0.756750147896,0.604625533573,0.0386552059197323,0.461764929504,0.0514089342769097,0.0587954262839,0.00445453353815624,0.159011014541,0.0393736083140976,0.055569031588,0.0129006671143027,1.67104377104,1,1131.85156023373,1007.47751899055,1965,2015,"Nalgonda","Krishna","Krishna","Krishna"
"64","Tumnar",119,1863.14001464844,49.9281885674,98.9346953125,398.536396828919,72.6091347925,856.040802002,6548.01255154761,2.37970945928803,0.99885086754585,991.1,19.01194444,81.23194444,529.983825505,6.56181506637425,314.265630690791,0.168675262309844,133.727002772,0.527849394488,0.207159999934,0.028449596262666,0.207159999934,0.028449596262666,0.0256974541328,0.000205829389374035,0.723482570215,0.038571426596315,0,0,1,1,2515.1372410044,994.461540429606,1989,2015,"Dantewada","Godavari","Godavari","Dantewara"
"65","Wadakbal",122,12011.099609375,162.636790273,317.89125,6102.04120935064,24.9651390717,427.533416748,822.081884577032,-1.76837183388391,0.975149583504271,611.25,17.53416667,75.885,572.886980463,3.42969492388233,2091.2093025686,0.174106399129048,275.271652736,0.530709919196,0.733173810972,0.0065187196251105,0.622411424394,0.026426462265889,0.0492567039856,0.00479744229113854,0.0293726530081,0.000877262189429996,0.0457183078471,0.00249089729286701,1.69798657718,2,1053.75159142252,1018.37085787608,1965,2014,"Sholapur","Krishna","Krishna","Sina"
"66","Vijayawada",121,256655,764.340489932,1428.196125,107836.064516489,34.5709683635,1558.15582275,3480.29674568139,-0.103196813078756,0.952536745845569,10950,16.52138889,80.58833333,523.918755191,4.08869344363542,43587.8136044715,0.169830369969303,351.440956125,0.756271736668,0.60248125461,0.0386393925784462,0.454446704197,0.0517653220942407,0.0586974133548,0.004387724483218,0.165116461839,0.0399684687651177,0.0525951365895,0.0123576266161809,1.64872611465,1,1159.03839381449,1012.50143691547,1965,2015,"Krishna","Krishna","Krishna","Krishna"
"67","Almatti",2,33540.69921875,273.709133374,545.1100625,16635.9159398024,53.9499775729,871.028518677,6543.74900829211,-1.23285655506555,0.957431782073433,6229.1,16.33083333,75.88666667,656.563706377,4.25253251618517,5388.43161551267,0.160653526641461,341.170363012,0.712714343383,0.59095594321,0.0353592614661118,0.400908903306,0.0658930985383007,0.0661088375984,0.00505764808968586,0.202562824722,0.0375465027182751,0.0147839440926,0.00129035918563958,1.69437652812,1,1315.86114400048,977.512011817709,1965,2013,"Bijapur","Krishna","Krishna","Krishna"
"68","Arjunwad",4,12210.2998046875,140.283418473,281.5529375,4293.95393515213,81.401935255,870.19241333,12353.832695037,-1.62049061248192,0.98014422738388,3357.05,16.78555556,74.63083333,714.974224018,5.3646193146387,1926.40319808392,0.157768705838359,307.464982752,0.584315750356,0.595382086478,0.0369093516766539,0.392317176179,0.0553071017152931,0.0714669035375,0.006060159379836,0.192071716026,0.0328149066410593,0.00550392781433,0.000266607137520199,1.44078947368,1,1475.88085085446,964.67356822094,1969,2015,"Kolhapur","Krishna","Krishna","Krishna"
"69","Bagalkot",7,8356.5703125,151.677539475,284.6253125,4571.24471949136,36.5492118087,506.251144409,1672.80893452245,0.767372701464544,0.982075822714681,1130.6,16.21611111,75.73416667,658.711068626,3.36656781285316,1338.87208688312,0.160217892845393,36.1480291379,0.53608618298,0.550598968649,0.0444143784794064,0.408449418783,0.0585618010063307,0.0727622392297,0.00518573597190899,0.24935295881,0.051185325906904,0.0122794394016,0.000535408758234939,1.56,1,1329.71152240489,977.47584844271,1966,2000,"Bagalkot","Krishna","Krishna","Ghatprabha"
"70","Basar",9,86433.796875,404.676930953,766.16425,37842.2714080781,26.678770825,1052.65716553,1752.41895009211,0.163861328396729,0.974526122077815,5891.15,18.86305556,77.95944444,543.711607257,3.65041787910103,14950.2868300119,0.172968067706581,352.445499161,0.664309132612,0.659985089302,0.0203632639161608,0.524646221847,0.0428190388436685,0.0692022498587,0.00398467393840917,0.107746547702,0.0146710491502295,0.00813714195523,0.000554390315078028,1.94392523364,2,1063.35834783454,1038.87476675263,1967,1982,"Adilabad","Godavari","Godavari","Godavari"
"71","Bawapuram",10,66705.3984375,361.059134217,693.3264375,23000.4767408733,34.9416825099,1031.33377075,3137.61098572221,0.882957733018696,0.976280434633916,3455,15.88416667,77.9475,596.853727835,4.01570337627725,11525.4724670967,0.172781704885483,55.7368074619,0.7110150858,0.57456499179,0.0463723273594054,0.427626053725,0.0491615959992741,0.0578833586157,0.00170019338822614,0.206937197293,0.0516862359823134,0.042388367302,0.00939795944367086,1.61056511057,1,1206.18299495372,963.920501729391,1965,2015,"Kurnool","Krishna","Krishna","Tungabhadra"
"72","Bhatkhedda",13,4642.25,88.3175392051,194.033921875,2173.68285339198,15.4214514728,208.547611237,80.7432591170995,-0.518701514178012,0.957681138235847,351.8025,18.42972222,76.67111111,671.344377251,3.0418432384847,742.505611345399,0.159945201431504,325.951145394,0.495984839099,0.686723543687,0.0152014170226128,0.527284701607,0.0429346272441077,0.0646214354038,0.00238340491482815,0.0916847804243,0.0113378680073202,0.0221687811505,0.00167711645521793,1.98181818182,2,1125.7820017761,988.054247601355,1991,2006,"Latur","Godavari","Godavari","Manjira"
"73","Bhatpalli",14,3083.13989257812,59.4842353511,110.573882813,674.785016075904,71.9443159518,579.915161133,5546.89332940658,0.364857339192671,0.989052151415495,1196,19.31583333,79.47111111,374.436530671,8.0935456033976,531.015908854457,0.172232181268434,359.872019533,0.509195307683,0.438370181677,0.0281955511329127,0.421042248236,0.0244512787430369,0.0259265128745,0.000269295194204592,0.38588526874,0.0517814979503144,0.00517124330675,0.000271938162420263,1.10810810811,1,1520.89235533645,1081.93242226788,1986,2016,"Adilabad","Godavari","Godavari","Peddavugu"
"74","Chass",17,5143.47998046875,70.9525124571,139.877265625,883.432512042589,44.6255630769,1116.10191345,5717.20133573721,-0.554273522524287,0.971527975087208,976.65,19.9525,74.28722222,642.546898421,4.85453501420303,881.945920351383,0.171468718396957,349.525836168,0.52525386813,0.567607766712,0.0168995736968084,0.3643666664,0.0609848117890117,0.10349979395,0.0138289646922775,0.172407138272,0.016117117168757,0.0185329731305,0.00140215539939073,1.55555555556,1,1186.64294682539,1016.25485279803,1972,1997,"Ahmednagar","Godavari","Godavari","Godavari"
"75","Damercharla",23,11275.2998046875,166.353059377,301.651875,4973.58887352046,18.6956024732,786.386947632,391.543300616066,-0.347128487632096,0.978026842741479,387.9,16.73694444,79.66861111,427.283534166,4.16100127037452,1958.90266539963,0.173733975976874,345.237540254,0.509125978136,0.565846410325,0.0411536501351338,0.430027345951,0.0473214788284589,0.0932067171961,0.0264346414139547,0.188612402898,0.0397044898724064,0.0504889612018,0.010329011667359,1.02158273381,1,1138.81911221756,1041.48536354406,1968,2015,"Nalgonda","Krishna","Krishna","Musi"
"76","Dhond",26,11367.099609375,114.266245397,201.27740625,2311.0706963764,74.4879131018,1584.86206055,10880.7856892147,-1.2405178421584,0.987287709191505,2830,18.48361111,74.57111111,663.180036534,4.71133467961559,1839.75033448339,0.161848703513257,330.20366485,0.521364143434,0.608195534468,0.040782840161016,0.446668621642,0.0509266878881557,0.078523352078,0.016993455136732,0.143078195563,0.0261832855698427,0.019074143299,0.00114604901174577,1.17142857143,1,1500.36942779328,993.391351604742,1967,2014,"Pune","Krishna","Krishna","Bhima"
"77","Ghugus",32,19883.099609375,204.567277009,413.988,7872.17852543592,24.3301224993,837.026824951,1121.32619426324,-0.731301787980305,0.966145298965302,4400,19.93444444,79.08888889,332.330799838,3.70360675153215,3539.94050909653,0.178037659049267,302.75875149,0.683316688835,0.553884356461,0.0224881009995962,0.489200256958,0.0290370878316631,0.0564470228004,0.00254605533657781,0.222457073274,0.0342456479248415,0.000147416000366,1.97867485234326e-06,1.872,1,1295.41295345569,1081.18530459676,1965,2015,"Chandrapur","Godavari","Godavari","Wardha"
"78","Halia",35,3266.23999023438,59.2581656228,113.3280625,666.582403564766,26.5061525099,616.412658691,2452.62348236546,-0.308111634683418,0.988188238646852,137.4,16.79194444,79.33555556,322.397116009,4.61765788882269,688.981091120184,0.21094013090898,338.133802327,0.199600535496,0.627192114853,0.0195450991128658,0.572200200616,0.0347082712576884,0.0507860396748,0.000404658087537185,0.139579957287,0.0163634254114093,0.136882714876,0.0211767725226485,1,1,890.469210836422,1099.39155454761,1984,2015,"Nalgonda","Krishna","Krishna","Halia"
"79","Haralahalli",36,14557.599609375,172.018567875,343.82778125,6552.76246325465,63.9698794148,1020.79559326,6158.72568982747,2.08742194512568,0.980250467253298,2564.1,14.82611111,75.67305556,686.011923992,5.42338622713885,2426.35390589497,0.166672663832052,99.3882556324,0.644853420601,0.443694451872,0.0808324398108183,0.270218746002,0.0555248451806761,0.0522236843415,0.00216312815358123,0.408846668791,0.103866576275882,0.002259621701,8.73754961423587e-05,1.23728813559,1,1860.78342454137,877.886686193259,1965,2013,"Haveri","Krishna","Krishna","Tungabhadra"
"80","Holehonnur",38,3398.51000976562,85.0188005519,178.516859375,1887.5146930907,113.528630038,995.813598633,10949.6529240285,2.32119181538836,0.942391707320052,676.22,13.97611111,75.68555556,828.476519052,8.49286077732491,535.071848873754,0.157443069855973,108.19773588,0.552800792545,0.229839485884,0.0667089220561528,0.0802738910768,0.0160329948778255,0.0197852288266,0.000663133171372646,0.668700239717,0.0739060332628712,0,0,1.12195121951,1,2943.10163027327,788.137245958907,1997,2012,"Shimoga","Krishna","Krishna","Bhadra"
"81","Honnali",39,7380.8701171875,123.141279024,232.738484375,2972.83981858168,94.3333722643,1017.9410553,8547.77650161871,2.04159274306203,0.974712039093214,2751.5,14.23777778,75.6575,745.564067528,6.8055682311665,1187.36196832577,0.160870188673394,80.4940162121,0.637497347417,0.306407656421,0.0823926073161157,0.134027635396,0.0269304561808511,0.0371484610229,0.00208602836458381,0.593786199517,0.0940849796765628,0,0,1.25274725275,1,2739.31401970135,809.681035183047,1978,2013,"Davanagere","Krishna","Krishna","Tungabhadra"
"82","Huvanur",41,11410,150.547871212,293.04453125,3676.09301228643,23.984756155,489.929351807,1172.48551542436,1.00848934819926,0.994232979786337,955.6,16.17944444,76.03833333,627.470379398,2.856528228971,1853.31778695673,0.162429253896295,41.0672707222,0.653037582299,0.631460898925,0.0460052399972568,0.411163345489,0.0573318316725372,0.0739385004923,0.00212132726463592,0.172157294195,0.0376210696428554,0.018219152391,0.00148365026331176,1.36231884058,1,965.366504695918,971.787300604606,1967,1982,"Bagalkot","Krishna","Krishna","Malaprabha"
"83","Huvinhedgi",42,53965.1015625,335.422049729,689.73875,25333.0678575854,41.7840785745,894.131774902,4619.58530207195,0.0359010662210536,0.956569247964833,6781.6665,16.49055556,76.92,628.681693086,3.89941009830069,8696.50155239164,0.161150471334141,1.73312000745,0.715249916351,0.608857438131,0.0366340496403308,0.423257684031,0.061775450518001,0.0649755040643,0.00395477775999433,0.172005043278,0.0354943162639472,0.0344888154528,0.00647285836221486,1.69923664122,1,1176.27473926271,984.350537095348,1976,2015,"Raichur","Krishna","Krishna","Krishna"
"84","Jalaput Dam",44,1984.55004882812,50.7043091396,92.7951328125,479.768846382366,175.037817808,790.293426514,15314.5355046149,1.90044359482376,0.81785256179442,71.55,18.45666667,82.54138889,1028.17954734,8.79499274414827,330.035512828496,0.166302438693034,128.184788298,0.489028902842,0.239880218307,0.0295619389343599,0.226365591486,0.0248979576211955,0.0534281242887,0.000315336347514673,0.659413364331,0.0416530946542019,0.00854404171308,0.000614616212620893,1,1,2739.83095377729,818.487172406185,1967,1974,"Koraput","Godavari","Godavari","Machkund"
"85","Jeewangi",45,1917.72998046875,44.4598464804,76.84875,349.328371629093,24.2144743241,244.587974548,436.392999686806,-3.03723573852171,0.984698324400875,330.3,17.25416667,77.46444444,540.141177246,4.98781807787586,316.434528537423,0.165004735682381,184.26831524,0.497287276721,0.621021768321,0.0050358635081412,0.553786131817,0.0108127937104849,0.0815284776688,0.000632309127360027,0.094820695649,0.00284202717185432,0.0396044320646,0.00274152292051519,1.39130434783,1,1121.77349408829,1000.49317897265,1978,2015,"Ranga Reddy","Krishna","Krishna","Kagna"
"86","K. Agraharam",46,129235,500.412402782,965.4075625,45423.7971405194,36.6484476861,1519.20593262,3787.91802055385,-0.392641407038604,0.968975445732404,8276,16.25972222,77.84416667,582.097918888,3.98883210251507,21542.2144112457,0.166690249632419,336.412393059,0.736936682069,0.625309514735,0.0337897873100244,0.473470859954,0.0553061666202748,0.0583389133472,0.00464711350969368,0.139958183722,0.0316115553223523,0.0435502599864,0.0105012397779513,1.78071833648,1,1103.78223520204,1010.15493177601,1981,2015,"Mahbubnagar","Krishna","Krishna","Krishna"
"87","Kaleswaram",47,224953.137398005,519.17848587,1081.95525,61760.5761414324,29.5557110416,1043.52668762,1904.20181164813,0.059916122108452,0.997085312000449,NA,18.80972222,79.9175,430.419933248,3.90156317191089,39014.9437178678,0.173435872773979,341.779326204,0.72117467687,0.57871244105,0.0460859994925307,0.459162847823,0.0496264152890215,0.0615653419596,0.00442416700802918,0.217441666568,0.060243689468459,0.00414471635938,0.000296796549937141,1.80573476703,1,NA,NA,1990,2014,"Karimnagar","Godavari","Godavari","Godavari"
"88","Kanergaon",48,3485.42743706703,83.4364865529,180.052421875,1987.35204893613,19.4542669408,171.11164093,247.676506066655,0.231167989551797,0.972565181787334,480.2,19.96277778,77.14944444,558.102257188,3.02384322229826,598.252790281916,0.171644023892043,349.036867514,0.379291000186,0.764443905301,0.00516334227532655,0.734603869968,0.00876402029596577,0.0630370659828,0.000669756030553713,0.0394495845371,0.00050440654752168,0.00107337771522,3.40613943289806e-05,1.95555555556,2,NA,NA,1991,2014,"Hingoli","Godavari","Godavari","Penganga"
"89","Karad",49,5387.35009765625,76.3626387756,156.38821875,1302.41620567727,126.805394892,869.035186768,19129.267125019,-1.56922441600907,0.973723305978566,2427.6,17.29472222,74.18916667,775.138191536,6.31219970759014,829.273470608285,0.153929753139499,312.05632474,0.567880931375,0.540364418884,0.0359349217691474,0.376216079797,0.037878749221506,0.0725118201882,0.00219747567831991,0.23669328178,0.0397129158549905,0.00419108967283,0.000171793795884794,1,1,2008.54556921979,948.366440735995,1965,2016,"Satara","Krishna","Krishna","Krishna"
"90","Keesara",50,10535.7408913821,114.168120571,247.972015625,3025.66810295431,23.5806880337,740.446853638,2228.19158228646,-1.23221685929713,0.985009806814563,1130,16.7175,80.3175,183.075662101,2.58419557967453,1758.9590551917,0.166951624316281,283.778249795,0.414920932001,0.52234805283,0.041430284970731,0.351331808428,0.040927602426051,0.0475972812839,0.00105335707500672,0.321951165343,0.0476305070795077,0.000305000043684,7.05366986325094e-06,1.3064516129,1,NA,NA,1965,2015,"Krishna","Krishna","Krishna","Munneru"
"91","Kellodu",51,4256.2001953125,57.4974863833,105.864921875,575.570230389284,42.7720754807,982.607727051,4431.54620291656,0.774141273348658,0.975919837774632,52.49,13.75194444,76.31638889,825.923821851,5.16932663734867,717.434236351769,0.16856214544182,50.2376120247,0.558327555834,0.61232830658,0.0224673850026858,0.560936907959,0.0229346449987942,0.0703705591202,0.00113722292998931,0.190913572598,0.0292779769874697,0.00153892040253,2.36670397498294e-05,1,1,1061.6724251338,887.063493286003,1990,2012,"Chitradurga","Krishna","Krishna","Vedavathi"
"92","Koida",53,305553.137398005,699.318042045,1379.8095,95392.136263629,41.0380118654,1268.62014771,4105.42246682275,-0.0556710849779007,0.997608724657249,31806.747,17.48416667,81.38611111,431.670775063,4.45111587236479,52510.4255066288,0.17185366170281,327.800682206,0.811784560431,0.48895592895,0.0671578672843992,0.389199504015,0.0597912778942417,0.0522891168625,0.0037842600839813,0.333005352076,0.101029797970568,0.00435025111011,0.000594194212788392,1.64988073151,1,NA,NA,1976,2015,"Khammam","Godavari","Godavari","Godavari"
"93","Kokangaon",54,1465.80004882812,41.9661472218,82.5949296875,337.404015639356,18.8911284,193.423900604,131.388576820249,0.896009085976575,0.97360765796121,105,17.28638889,75.63861111,578.348663972,4.17596080737755,281.209132682548,0.19184685722133,50.2300908322,0.245908789279,0.793307982551,0.00248247422451649,0.743154629601,0.00437371471124656,0.0190757772658,2.89817859566077e-05,0.00536863227271,3.23438370449626e-05,0.0322765546375,0.00218683887492198,1.88888888889,2,1011.31951583247,990.421242940724,1979,2014,"Bijapur","Krishna","Krishna","Bornala"
"94","Konta",55,13876.5,177.648447167,399.44571875,10044.466952545,74.7754230459,1265.77941895,9397.6872269914,-1.50547058179509,0.993430826251469,5729.518,17.82055556,81.38888889,436.996862521,6.89497987761665,2404.3255912546,0.173265995838619,228.942086131,0.760048282198,0.244774896563,0.0420343831014528,0.194727128146,0.0345069069834474,0.0293337194203,0.00113928010569357,0.64860411446,0.07257925330186,0.00184573692188,8.99293897374469e-05,1,1,1738.50948211138,1079.24938613546,1964,2015,"Dantewada","Godavari","Godavari","Sabari"
"95","Kosagumda",57,1673.31005859375,44.5428837437,95.2528984375,406.910629265298,28.318999991,535.300178528,1355.99984672095,-1.78239212817422,0.987878320624902,703.08,19.27666667,82.23194444,614.365508619,2.23612283473603,282.949749936467,0.169095828046512,252.059372079,0.460452935147,0.575786264319,0.0217322504770926,0.568245825517,0.0236796888588761,0.0716664713307,0.000618212689732571,0.216754815453,0.030864670888549,0.0138855783563,0.00106957710300695,1,1,1588.56085532706,1010.14153737867,1996,2014,"Nawarangpur","Godavari","Godavari","Bhaskal"
"96","Kotta",58,1743.88000488281,55.9233504266,98.11625,517.301443043789,126.326598664,873.157272339,12123.0772890717,2.67685745021185,0.891563427033391,566,18.77666667,82.50722222,941.166490434,6.71506100904236,305.883169693053,0.175403794318754,138.703204101,0.306925653924,0.394715030627,0.0347375357375675,0.269181677211,0.0255922513560314,0.0436649541963,0.00110553479014233,0.39363351215,0.0746970825229183,0.0043727276542,7.41678486054081e-05,1,1,2380.33469242969,820.025240206959,1969,1987,"Koraput","Godavari","Godavari","Kolab"
"97","Kumhari",60,8417.419921875,118.100216671,251.447984375,4031.17337192088,38.9040096729,590.36441803,2341.19745024809,-0.248851838510384,0.968949567578408,2654.338,21.88444444,80.17472222,528.037228143,5.22320444668341,1514.93352011098,0.179975994327431,7.85824006633,0.786806380299,0.460776466814,0.0628404651549732,0.37439388672,0.0444123246579714,0.0401291020841,0.000899484804700609,0.380272689189,0.0922364519711273,0.00395318686405,0.000357358684687047,1.40186915888,1,1257.39595499922,1057.06737553575,1986,2016,"Balaghat","Godavari","Godavari","Wainganga"
"98","Kurundwad",63,15179.400390625,149.361841179,308.36521875,4997.99665609201,79.2962722662,868.670883179,11155.6774007162,-1.65518744686932,0.982982582797907,4560.403,16.68666667,74.60222222,696.523695517,4.76980999260736,2419.88725575287,0.159419159748064,313.61082908,0.590190145224,0.592579247433,0.0333059508043319,0.382834655202,0.0554163575266977,0.0755340944133,0.00706915908294404,0.198887236116,0.031864885769086,0.00522984940073,0.000247757421674756,1.53260869565,1,1391.97633567578,971.817402065963,1972,2016,"Kolhapur","Krishna","Krishna","Krishna"
"99","Malkhed",67,8320.66015625,82.3448383067,172.34190625,1376.52529440398,27.3232176667,342.633132935,755.637985999492,-2.27323522501001,0.97849309384817,940.9825,17.2,77.15666667,533.496492123,4.32558554710379,1366.00908936974,0.164170758535748,237.010054177,0.716359216612,0.54694531063,0.0220866720244815,0.48910620746,0.0290496901849403,0.0577046555458,0.000560845408221539,0.236032839954,0.03317041354703,0.0188240878417,0.00151436550357563,1.62376237624,1,1110.52973011651,1013.03935325529,1989,2015,"Gulbarga","Krishna","Krishna","Kagna"
"100","Mudhol",76,6552.6298828125,92.9353015293,197.700078125,2012.1777816292,40.9227274326,508.958320618,1923.15643664998,0.734073942106633,0.978100097892977,416.45,16.33111111,75.19916667,684.044553656,3.41282647517492,1024.06763798133,0.156283455085332,43.8060452067,0.507143656322,0.518170960605,0.0463204288473951,0.382531248271,0.0504691336864831,0.074161461547,0.00582555869651895,0.278899297922,0.056066648013752,0.0100936871171,0.000472156999784492,1.475,1,1582.48889541897,954.050905306788,1998,2007,"Belgaum","Krishna","Krishna","Ghatprabha"
"101","Nandgaon",79,4553.02001953125,74.9238815816,134.141796875,849.981707018847,26.4750973031,409.747924805,1009.31051399726,-1.16899752470075,0.944658683784271,1172.387,20.51638889,78.80333333,308.286267384,3.31927445831057,815.481748207458,0.17910787668608,281.324835313,0.531049185542,0.51625028811,0.0268515762243726,0.491537535818,0.0239895511715007,0.0621368762485,0.00540712428064978,0.292599093328,0.0454935782846929,0.000332508840059,3.04129606660721e-06,1.57894736842,1,1516.66237518372,1075.84674235569,1986,2015,"Wardha","Godavari","Godavari","Wunna"
"102","Navalgund",81,3066.80004882812,45.7831953266,87.4878203125,345.666391106354,13.6268662769,477.974433899,242.903748760488,0.907815959928023,0.998678075578829,266.65,15.57194444,75.37166667,636.168359358,2.37194990951615,505.422519634754,0.164804523147143,47.0019604758,0.592444343726,0.522272131784,0.0379692202231779,0.375734232948,0.0401718188010081,0.08472802253,0.0117822473820617,0.241958081747,0.0343390053185885,0.0160394759405,0.00244545162425721,1.16666666667,1,951.084957718992,963.946915485251,1990,2006,"Dharwad","Krishna","Krishna","Bennihala"
"103","Nowrangpur",82,3642.38989257812,69.5519993016,110.733296875,617.270473238444,124.004292175,756.181640625,11098.4631544829,2.95614464906675,0.957197372959702,1300.285,19.19888889,82.52666667,789.753465199,8.12970712323684,683.534214982091,0.187660913614681,164.50217586,0.355204639943,0.331654139809,0.0401018759740896,0.212677707206,0.0175074172287845,0.0406244343908,0.00118414977590784,0.51634427125,0.0607941440558269,0.0030687606853,0.000236994173381311,1,1,1997.08488347741,904.662003602443,1965,2015,"Nawarangpur","Godavari","Godavari","Indravathi"
"104","Pachegaon",85,5535.75,90.7823055282,195.06253125,1693.93062027887,65.7704237459,1123.90426636,7920.14120823793,0.376208051285888,0.972395995865878,268.055,19.53444444,74.83361111,672.791225862,6.34496139650273,938.16299158795,0.169473511554523,11.3918637367,0.43615974622,0.651647354575,0.0299711698126287,0.549147704209,0.0598880349807683,0.0583314474278,0.00294934814807465,0.117291787704,0.0242050762260496,0.0174616912533,0.000793443754090436,1.54411764706,1,989.415412492729,1035.50937607715,1979,2014,"Ahmednagar","Godavari","Godavari","Pravara"
"105","Paleru Bridge",86,2467.69995117188,72.2644761816,156.035328125,1298.23568232197,12.7929315637,602.576408386,237.944928367048,-0.512552478661703,0.959111506714648,208.7,16.95166667,80.04861111,192.566250057,2.31929665365437,418.840475510258,0.169729093405929,319.144502103,0.291109276044,0.682348178517,0.0205100470733604,0.475361273216,0.0283944536015052,0.0551309994495,0.000346377090570296,0.117556858966,0.013437214496549,0.00171772754554,2.4613749170468e-05,1,1,1432.77553250617,1087.51674947404,1965,2015,"Krishna","Krishna","Krishna","Paleru"
"106","Pathagudem",88,39227.5,270.423792368,526.4744375,15673.593372168,61.817764742,1018.9994812,5956.182503962,-2.48158754541123,0.996854985293382,12706,18.84833333,80.34777778,506.126677414,5.0219877477551,6543.18006496059,0.166800842902571,216.422837508,0.68829637327,0.246394998463,0.0521614131749801,0.223963747564,0.047170753841326,0.0256363431993,0.000862340735289872,0.661103459078,0.0863001994705524,0.0103527624779,0.00289215817665927,1.0824742268,1,1803.63242682092,1035.90899133547,1965,2015,"Dantewada","Godavari","Godavari","Indravathi"
"107","Pauni",89,36022.8984375,216.507615486,438.65684375,8455.29145549734,36.8956526599,893.776245117,2380.68369136761,-0.769367960334459,0.996455242595142,8832.625,20.79583333,79.64444444,463.70430037,4.73349790910464,6467.82869282732,0.179547703637703,316.925464362,0.777077767763,0.498501529789,0.0741583464592747,0.35425469993,0.0445430152950822,0.0572804939457,0.00551114262023829,0.349302050245,0.0922908305698695,0.00129435395772,9.83328068500395e-05,1.49778761062,1,1368.75266378683,1075.00425556587,1964,2015,"Bhandra","Godavari","Godavari","Wainganga"
"108","Perur",90,267917.137398005,550.213190929,1159.12625,66871.678260812,34.5404978846,1084.28756714,2672.53556991992,-0.013909501048611,0.997481855303292,27119.465,18.54777778,80.38444444,438.026160284,4.07451417183746,46148.5213450558,0.17224923270399,332.794690664,0.783625136024,0.524502648713,0.0621469382537008,0.420588213228,0.0567994865563613,0.0556944855622,0.00402472811435505,0.288939772484,0.0909849654815868,0.00501568033879,0.00067743652474231,1.70216606498,1,NA,NA,1965,2015,"Khammam","Godavari","Godavari","Godavari"
"109","Phulgaon",91,2116.55004882812,56.3095224047,107.276640625,728.296292584304,88.3263013219,974.91645813,11096.3664910989,-1.48850824809992,0.990615730516836,1270.58,18.66555556,74.00333333,681.288804595,4.18613540451342,331.70108142687,0.156717806701771,324.798727262,0.260646625544,0.600386990356,0.0203766128515578,0.548019208527,0.0233183397821703,0.0830825984001,0.00759825002370867,0.133977893257,0.00763180018777183,0.0106529602051,0.000362442981374154,1.04,1,1910.46213523034,975.277527919667,1986,2014,"Pune","Krishna","Krishna","Bhima"
"110","Polavaram",92,353.808990478516,24.8698449448,47.4666367188,137.239269834381,126.348088731,721.652145386,14683.5543509608,-0.813555947064979,0.983539917918576,29785.613,17.2425,81.64861111,236.455102858,8.8587578666907,65.66880026865,0.18560523343354,330.4315722,0.179978078793,0.255146104395,0.0436407165333719,0.145065104067,0.00964815697300777,0.0289354991913,0.000429954914214165,0.659883155823,0.0580561346715108,0,0,1,1,NA,NA,1965,2015,"West Godavari","Godavari","Godavari","Godavari"
"111","Potteru",94,1166.75,31.8653832256,59.514421875,186.422398490281,79.7721976345,1117.29881287,12601.960353249,-1.96467329128174,0.989660900839368,542.8,18.18888889,81.79777778,243.170355707,4.62723634598514,178.986074836081,0.153405678025353,245.792203842,0.481030908273,0.24710964188,0.0513008168176695,0.120494057983,0.0328984382573111,0.0226074995846,0.000469987137421627,0.663622668982,0.0575006028502463,0,0,1,1,1482.42071449575,1116.8355443887,1989,2015,"Malkangiri","Godavari","Godavari","Potteru vagu"
"112","Purna",95,15467.7998046875,194.34727453,370.0613125,8923.78456765234,24.2794394189,516.331100464,1065.54059381157,-0.663746616450219,0.928303720814388,1526.0675,19.17972222,77.01305556,531.401371791,3.01224827253394,2603.23684850297,0.16830039704251,316.373633802,0.485420351038,0.715979229529,0.0110504125520883,0.642887357587,0.0196092854010675,0.0628382954226,0.00445006792370737,0.0546872210233,0.00257107909262023,0.00524391433102,0.000240933348483043,1.88442211055,2,1219.87446217718,1030.4407478789,1968,2014,"Parbhani","Godavari","Godavari","Purna"
"113","Rajegaon",97,5392.68994140625,69.6755878266,147.293421875,1037.82755815324,48.6726274748,906.049499512,4260.98479174093,2.75650371731909,0.983233455114372,2645.502,21.62444444,80.25222222,422.258816504,4.68840997976619,939.795033276715,0.174272031859418,144.704286268,0.613475714341,0.365624654723,0.12054343498399,0.193559183708,0.0513849432865763,0.0432997004527,0.00331698320762491,0.527429139604,0.141187397388714,0,0,1.32307692308,1,1572.42250826343,1124.02042735895,1985,2016,"Balaghat","Godavari","Godavari","Bagh"
"114","Rajoli",98,2674.90991210938,54.4862583987,100.909554688,627.503959884789,19.1860019078,475.613288879,620.113501353399,-0.655794769383666,0.984147538039607,734.3895,20.05222222,79.70694444,236.996905889,1.91254634903636,443.78643876608,0.16590705980678,289.324173743,0.410945377869,0.489307204976,0.0578411030989736,0.395386083266,0.0440206702512522,0.0329542350418,0.000323932029517178,0.404984099269,0.0780215145316343,0,0,1.58823529412,1,1575.21374531059,1126.25809356621,1986,2015,"Chandrapur","Godavari","Godavari","Mul"
"115","Ramakona",99,2487.76000976562,82.2938006947,144.45765625,1373.19757880243,54.9239880878,509.922065735,3121.91668355199,-1.18119596910804,0.993376100131473,996.89,21.71916667,78.81888889,689.045747862,7.90697129204273,406.183956666897,0.163272966472825,321.382956368,0.648021037584,0.537566810608,0.0248978414364445,0.405363402685,0.0157092247886599,0.0405835991303,0.000614327753426505,0.294871930361,0.0378526950906746,0,0,1,1,1281.93351661912,987.042952704251,1986,2016,"Chhindwara","Godavari","Godavari","Kanhan"
"116","Sadalga",100,2222.669921875,55.9008021545,120.180640625,756.428214524074,64.0250901286,569.997367859,5070.00290922625,1.63280866143306,0.982026894332684,1184.8,16.55833333,74.50138889,635.808706052,3.28608474980839,328.035157146663,0.147586087307979,60.4509945648,0.34577998472,0.46210735321,0.024587807089815,0.338312034936,0.0266508269738186,0.0719428037981,0.00235959403372517,0.335206786353,0.0319541656520887,0.0029068963281,0.000154221294475456,1.72413793103,2,1896.81689120429,928.46672524084,1965,2014,"Belgaum","Krishna","Krishna","Dudhganga"
"117","Saigaon",101,10121.5,128.329417836,283.8114375,3886.39650938288,15.7845484819,199.012966156,92.31508722469,-0.444656464745066,0.962226618741087,803.167,18.06222222,77.01694444,645.992533746,2.8212905880292,1604.8093471572,0.158554497570242,334.621842657,0.507183475188,0.63283757782,0.0231966356168199,0.508876188049,0.0352803360935232,0.0657100630856,0.00248445960775329,0.142530307841,0.0219168989769064,0.0188719673347,0.00146188799247748,1.984,2,1125.02361378814,980.643635400496,1965,2015,"Bidar","Godavari","Godavari","Manjira"
"118","Saradaput",105,5129.2099609375,107.256952987,219.39659375,3576.09055363954,83.3177674167,893.043212891,8663.9560866602,-2.31666037543746,0.961201481692671,2304.7255,18.60833333,82.13027778,700.882384574,8.15414980736146,875.508241715798,0.170690661599623,169.336924087,0.721321386287,0.355583421572,0.0513397379970265,0.278284179477,0.0468590830306663,0.042380233407,0.00229983016329624,0.502543703988,0.095451949577015,0.0032807032764,0.000169017556123919,1,1,1627.2830325136,1003.34624436814,1968,2015,"Malkangiri","Godavari","Godavari","Sabari"
"119","Sarati",106,6751.0498046875,112.389407809,213.210984375,2735.95712188956,54.580173869,825.973358154,7372.70739123788,0.314587054680701,0.980961422390996,1155.89,17.91194444,75.005,644.797948025,5.32701413674499,1234.7596764066,0.182898913817709,352.474513699,0.471337128077,0.713323697811,0.0242495221844047,0.486995138308,0.0599888219301651,0.0479081532795,0.00158900610942467,0.0919701373686,0.0223558612952553,0.0262359142885,0.00237878620781037,1.69512195122,1,1029.6857123581,1012.29205677943,1965,2015,"Pune","Krishna","Krishna","Nira"
"120","Satrapur",107,11161.2998046875,142.137803977,287.31046875,4594.26966062472,44.4797980224,513.470077515,2195.80931152298,-0.969561294940083,0.991956481677869,1676.8,21.22333333,79.23,580.769831489,5.93819743016546,2015.95000474538,0.180619644667078,308.992762298,0.555927637214,0.518738170996,0.0414128816489076,0.394400386981,0.0294221575341002,0.0590858454137,0.00537987029976349,0.304721382648,0.048453775622582,0.000265818175736,3.79258419437714e-06,1.27972027972,1,1262.58545965294,1016.08174215956,1984,2015,"Nagpur","Godavari","Godavari","Kanhan"
"121","Somanpally",111,12908.2998046875,136.490379173,277.07509375,3634.40634324177,20.0367765465,661.109161377,932.973418837045,0.682656128366851,0.986569398967359,840.579,18.61972222,79.80694444,352.244275043,3.37976904899153,2242.81461830825,0.173749808436724,49.6811820529,0.481218146009,0.60147110554,0.0326082099838679,0.366900338179,0.0335326823610642,0.0828990004966,0.00530461543098232,0.20812105429,0.0288571554085649,0.00168839142189,3.35296417111986e-05,1.4099378882,1,1291.8456415035,1057.42313392109,1964,2014,"Karimnagar","Godavari","Godavari","Maner"
"122","Sonarpal",112,1493.65002441406,34.9362960454,64.1059101563,230.288180515408,26.1076598064,427.225990295,498.594490184248,-1.93621129060866,0.997880660121272,581.141,19.26972222,81.88083333,601.495133416,2.55945365516607,257.722013821016,0.172545114055159,240.751263266,0.218180664704,0.356957177865,0.0318135755026248,0.356957177865,0.0318135755026248,0.0309761046736,0.000135719194535336,0.536143248207,0.0493461777904476,0.00607231541684,0.000225214037527096,1,1,1591.90903935212,962.116818667984,1989,2015,"Bastar","Godavari","Godavari","Markandi"
"123","Zari",129,5530.68017578125,118.219033253,219.07784375,3110.89229598065,20.8001480334,521.358985901,1053.42738446879,-0.671671508058222,0.978551740735666,580.299,19.39416667,76.77361111,497.566962779,2.811823307949,945.484933989336,0.170952740700791,321.905457116,0.435174918454,0.683434116908,0.00936849068117298,0.603836974825,0.0216002443737442,0.0804593701022,0.00783247756124269,0.0485997976065,0.000713963456581913,0.00677814224788,0.000166393792375418,2.31428571429,3,1005.35136064758,1057.05642034537,1986,2014,"Parbhani","Godavari","Godavari","Dudhna"
"124","Warunji",125,1873.14001464844,68.3507538112,150.3385625,1506.71664198208,167.953374744,891.770629883,18192.6573595751,-3.06748030161848,0.838894807280973,1492.5,17.27166667,74.16555556,777.302179722,5.53820098514354,291.34106046217,0.155536189598112,341.65493742,0.466887605007,0.436657254592,0.0455577319223298,0.352272806997,0.031070306881039,0.0536160436661,0.00137098786021223,0.340129885881,0.0560283706089942,0,0,1,1,2304.33672262197,956.102787267856,1965,2016,"Satara","Krishna","Krishna","Koyna"
"125","Talikot",116,2366.44995117188,79.8106545497,171.790828125,1868.66510875208,13.8704608368,151.731920242,73.6189060819707,0.357830767729498,1,234.393,16.48416667,76.28444444,598.36996639,2.33645921900483,349.526160624644,0.147700635059515,354.21800757,0.61201296587,0.724098719279,0.0124921948449804,0.651576327006,0.0132237732178811,0.027712400198,0.00164033480712418,0.0265421471496,0.000183687368924125,0.0597188981374,0.0060651869717601,2.26666666667,2,883.927545745371,1002.91076279603,1990,2014,"Bijapur","Krishna","Krishna","Don"
"126","Wairagarh",124,1754.68994140625,42.5019237575,76.316625,376.710043420842,41.1214300894,583.08216095,3178.79305417643,-2.88225972148067,0.997452707050928,972.4785,20.42277778,80.08472222,296.318280775,3.47198284264221,301.321051268211,0.171723245319754,183.273733127,0.322290325461,0.233178996227,0.0352765435593229,0.1468457604,0.0157213862868456,0.0295228631794,0.000469875711857856,0.704417775761,0.0437197425831479,0,0,1.13636363636,1,1721.63771206402,1119.14672528215,1992,2015,"Gadchiroli","Godavari","Godavari","Khobragarhi"
"127","Tekra",117,107964.137398005,426.333300539,900.0365625,30563.5380694301,32.184718466,887.073516846,2002.05881598275,-0.380684989778613,0.997178867538746,16686.377,18.98111111,79.94361111,368.130942074,4.05286142768542,18787.5102652875,0.174016212402349,315.08495439,0.726167905129,0.518870180387,0.0588133750069397,0.430110671411,0.0513084576689705,0.0525181138004,0.00413353499627173,0.301287945551,0.0823700763912765,0.00130855604376,8.26481166063662e-05,1.69561989607,1,NA,NA,1964,2015,"Gadchiroli","Godavari","Godavari","Pranhita"
"128","Terwad",118,2407.919921875,86.8083503263,147.588578125,1433.72831638764,82.247556338,546.925544739,6604.8235371095,-0.955866757635722,0.982156421468851,1755.319,16.67555556,74.57361111,629.310785295,2.14087421144663,396.209000779531,0.164544093505822,1.38176663349,0.398099994629,0.528777632713,0.0202263770497591,0.323092323542,0.0442376021757014,0.0902079700679,0.0114747152935513,0.270621484816,0.0334121112446983,0.00331697717309,0.00015462311597613,1.71875,2,1305.35700409217,976.533030669599,1979,2013,"Kolhapur","Krishna","Krishna","Panchganga"
"129","Vandur",120,580.413024902344,36.6481319995,72.2503203125,462.817731575023,75.2518741076,574.519119263,6396.47901325265,0.930628021739932,0.874085355237399,404,16.56083333,74.28694444,649.463343109,2.27480436982424,80.061804528493,0.137939365750732,41.6917930501,0.324211676104,0.455928959846,0.0366406449162494,0.299569102526,0.0326078566002026,0.0737328746915,0.00127000063881497,0.291354091167,0.0218934652627122,0.0105374991894,0.00047864472100772,1.75,2,2572.73390706165,924.228707101217,1979,2007,"Kolhapur","Krishna","Krishna","Dudhganga"
